Category,Sub Category,Title,Description,Quantity,Type,Price,Shipping Profile,Offerable,Hazmat,Condition,Cost Per Item,SKU,Image URL 1,Image URL 2,Image URL 3,Image URL 4,Image URL 5,Image URL 6,Image URL 7,Image URL 8
Sports Cards,Basketball Singles,Donovan Mitchell 2025-26 Topps Chrome x Cactus Jack Utopia Highlights #UH-6,"Donovan Mitchell — 2025-26 Topps Chrome x Cactus Jack
Utopia Highlights #UH-6
Raw — ships in penny sleeve + top loader.
From the MayseQards basketball collection · mayseqards.com",1,Buy it Now,3.99,Sports singles (3oz),TRUE,Not Hazmat,Raw - Near Mint or Better,,C004,https://mayseqards.com/photos/C004.jpg,https://mayseqards.com/photos/C004_back.jpg,,,,,,
Sports Cards,Basketball Singles,De'Aaron Fox 2025-26 Topps Finest Masters Orange Geometric Auto 14/15,"De'Aaron Fox — 2025-26 Topps Finest
Masters Orange Geometric Auto 14/15
Raw — ships in penny sleeve + top loader.
From the MayseQards basketball collection · mayseqards.com",1,Buy it Now,80,Sports singles (3oz),TRUE,Not Hazmat,Raw - Near Mint or Better,,C007,,,,,,,,
Sports Cards,Basketball Singles,Dylan Harper 2025-26 Topps Chrome x Cactus Jack RC #62,"Dylan Harper — 2025-26 Topps Chrome x Cactus Jack
RC #62
Raw — ships in penny sleeve + top loader.
From the MayseQards basketball collection · mayseqards.com",1,Buy it Now,10.99,Sports singles (3oz),TRUE,Not Hazmat,Raw - Near Mint or Better,,C014,https://mayseqards.com/photos/C014.jpg,https://mayseqards.com/photos/C014_back.jpg,,,,,,
Sports Cards,Basketball Singles,Ace Bailey 2025-26 Topps Chrome x Cactus Jack RC #65,"Ace Bailey — 2025-26 Topps Chrome x Cactus Jack
RC #65
Raw — ships in penny sleeve + top loader.
From the MayseQards basketball collection · mayseqards.com",1,Buy it Now,2.48,Sports singles (3oz),TRUE,Not Hazmat,Raw - Near Mint or Better,,C015,https://mayseqards.com/photos/C015.jpg,https://mayseqards.com/photos/C015_back.jpg,,,,,,
Sports Cards,Basketball Singles,Kawhi Leonard 2025-26 Topps Chrome x Cactus Jack Jacked Up 047/150 #JU-23,"Kawhi Leonard — 2025-26 Topps Chrome x Cactus Jack
Jacked Up 047/150 #JU-23
Raw — ships in penny sleeve + top loader.
From the MayseQards basketball collection · mayseqards.com",1,Buy it Now,12,Sports singles (3oz),TRUE,Not Hazmat,Raw - Near Mint or Better,,C018,https://mayseqards.com/photos/C018.jpg,https://mayseqards.com/photos/C018_back.jpg,,,,,,
Sports Cards,Basketball Singles,Jrue Holiday 2025-26 Topps Signature Class Round 1 Pick 17 024/275 #20,"Jrue Holiday — 2025-26 Topps Signature Class
Round 1 Pick 17 024/275 #20
Raw — ships in penny sleeve + top loader.
From the MayseQards basketball collection · mayseqards.com",1,Buy it Now,3.3,Sports singles (3oz),TRUE,Not Hazmat,Raw - Near Mint or Better,,C019,https://mayseqards.com/photos/C019.jpg,https://mayseqards.com/photos/C019_back.jpg,,,,,,
Sports Cards,Basketball Singles,Cam Spencer 2025-26 Topps NBA Hoops Hyper Signatures Auto #HHS-CS,"Cam Spencer — 2025-26 Topps NBA Hoops
Hyper Signatures Auto #HHS-CS
Raw — ships in penny sleeve + top loader.
From the MayseQards basketball collection · mayseqards.com",1,Buy it Now,18.9,Sports singles (3oz),TRUE,Not Hazmat,Raw - Near Mint or Better,,C023,https://mayseqards.com/photos/C023.jpg,https://mayseqards.com/photos/C023_back.jpg,,,,,,
Sports Cards,Basketball Singles,Dylan Harper 2025-26 Bowman Chrome Chrome RC #BCV-2,"Dylan Harper — 2025-26 Bowman Chrome
Chrome RC #BCV-2
Raw — ships in penny sleeve + top loader.
From the MayseQards basketball collection · mayseqards.com",1,Buy it Now,10.45,Sports singles (3oz),TRUE,Not Hazmat,Raw - Near Mint or Better,,C024,https://mayseqards.com/photos/C024.jpg,https://mayseqards.com/photos/C024_back.jpg,,,,,,
Sports Cards,Basketball Singles,Peyton Watson 2025-26 Topps Holiday Blue Metallic Glitter SP #H83,"Peyton Watson — 2025-26 Topps Holiday
Blue Metallic Glitter SP #H83
Raw — ships in penny sleeve + top loader.
From the MayseQards basketball collection · mayseqards.com",1,Buy it Now,2.2,Sports singles (3oz),TRUE,Not Hazmat,Raw - Near Mint or Better,,C028,https://mayseqards.com/photos/C028.jpg,,,,,,,
Sports Cards,Basketball Singles,Brooks Barnhizer 2025-26 Topps NBA Hoops Holo Foil RC #158,"Brooks Barnhizer — 2025-26 Topps NBA Hoops
Holo Foil RC #158
Raw — ships in penny sleeve + top loader.
From the MayseQards basketball collection · mayseqards.com",1,Buy it Now,3.99,Sports singles (3oz),TRUE,Not Hazmat,Raw - Near Mint or Better,,C030,https://mayseqards.com/photos/C030.jpg,,,,,,,
Sports Cards,Basketball Singles,Ace Bailey 2025-26 Topps Holiday Glitter RC #H165,"Ace Bailey — 2025-26 Topps Holiday
Glitter RC #H165
Raw — ships in penny sleeve + top loader.
From the MayseQards basketball collection · mayseqards.com",1,Buy it Now,3.07,Sports singles (3oz),TRUE,Not Hazmat,Raw - Near Mint or Better,,C032,https://mayseqards.com/photos/C032.jpg,,,,,,,
Sports Cards,Basketball Singles,Cooper Flagg 2025-26 Bowman Base RC #1,"Cooper Flagg — 2025-26 Bowman
Base RC #1
Raw — ships in penny sleeve + top loader.
From the MayseQards basketball collection · mayseqards.com",1,Buy it Now,6.59,Sports singles (3oz),TRUE,Not Hazmat,Raw - Near Mint or Better,,C033,https://mayseqards.com/photos/C033.jpg,https://mayseqards.com/photos/C033_back.jpg,,,,,,
Sports Cards,Basketball Singles,Dylan Harper 2025-26 Topps NBA Hoops Holo Foil RC #7,"Dylan Harper — 2025-26 Topps NBA Hoops
Holo Foil RC #7
Raw — ships in penny sleeve + top loader.
From the MayseQards basketball collection · mayseqards.com",1,Buy it Now,6.62,Sports singles (3oz),TRUE,Not Hazmat,Raw - Near Mint or Better,,C034,https://mayseqards.com/photos/C034.jpg,https://mayseqards.com/photos/C034_back.jpg,,,,,,
Sports Cards,Basketball Singles,Damian Lillard 2025-26 Bowman Chrome Refractor 022/499 #BCV-81,"Damian Lillard — 2025-26 Bowman Chrome
Refractor 022/499 #BCV-81
Raw — ships in penny sleeve + top loader.
From the MayseQards basketball collection · mayseqards.com",1,Buy it Now,3.5,Sports singles (3oz),TRUE,Not Hazmat,Raw - Near Mint or Better,,C037,https://mayseqards.com/photos/C037.jpg,https://mayseqards.com/photos/C037_back.jpg,,,,,,
Sports Cards,Basketball Singles,Dwyane Wade 2025-26 Bowman Chrome Young Kings #YK-23,"Dwyane Wade — 2025-26 Bowman Chrome
Young Kings #YK-23
Raw — ships in penny sleeve + top loader.
From the MayseQards basketball collection · mayseqards.com",1,Buy it Now,1.1,Sports singles (3oz),TRUE,Not Hazmat,Raw - Near Mint or Better,,C040,https://mayseqards.com/photos/C040.jpg,https://mayseqards.com/photos/C040_back.jpg,,,,,,
Sports Cards,Basketball Singles,Kon Knueppel 2025-26 Topps NBA Hoops Holo Foil RC #67,"Kon Knueppel — 2025-26 Topps NBA Hoops
Holo Foil RC #67
Raw — ships in penny sleeve + top loader.
From the MayseQards basketball collection · mayseqards.com",1,Buy it Now,9.45,Sports singles (3oz),TRUE,Not Hazmat,Raw - Near Mint or Better,,C041,https://mayseqards.com/photos/C041.jpg,https://mayseqards.com/photos/C041_back.jpg,,,,,,
Sports Cards,Basketball Singles,Cade Cunningham 2025-26 Bowman Chrome Young Kings #YK-12,"Cade Cunningham — 2025-26 Bowman Chrome
Young Kings #YK-12
Raw — ships in penny sleeve + top loader.
From the MayseQards basketball collection · mayseqards.com",1,Buy it Now,2,Sports singles (3oz),TRUE,Not Hazmat,Raw - Near Mint or Better,,C042,https://mayseqards.com/photos/C042.jpg,https://mayseqards.com/photos/C042_back.jpg,,,,,,
Sports Cards,Basketball Singles,Magic Johnson 2025-26 Topps Chrome Galaxy Greats #GG-30,"Magic Johnson — 2025-26 Topps Chrome
Galaxy Greats #GG-30
Raw — ships in penny sleeve + top loader.
From the MayseQards basketball collection · mayseqards.com",1,Buy it Now,2.64,Sports singles (3oz),TRUE,Not Hazmat,Raw - Near Mint or Better,,C044,https://mayseqards.com/photos/C044.jpg,https://mayseqards.com/photos/C044_back.jpg,,,,,,
Sports Cards,Basketball Singles,Ja Morant 2025-26 Topps Chrome Propulsion #PRP-8,"Ja Morant — 2025-26 Topps Chrome
Propulsion #PRP-8
Raw — ships in penny sleeve + top loader.
From the MayseQards basketball collection · mayseqards.com",1,Buy it Now,2.48,Sports singles (3oz),TRUE,Not Hazmat,Raw - Near Mint or Better,,C045,https://mayseqards.com/photos/C045.jpg,https://mayseqards.com/photos/C045_back.jpg,,,,,,
Sports Cards,Basketball Singles,Kevin Durant 2025-26 Bowman Chrome Hobby Stars #HS-12,"Kevin Durant — 2025-26 Bowman Chrome
Hobby Stars #HS-12
Raw — ships in penny sleeve + top loader.
From the MayseQards basketball collection · mayseqards.com",1,Buy it Now,1.86,Sports singles (3oz),TRUE,Not Hazmat,Raw - Near Mint or Better,,C046,https://mayseqards.com/photos/C046.jpg,https://mayseqards.com/photos/C046_back.jpg,,,,,,
Sports Cards,Basketball Singles,Kevin Durant 2025-26 Topps Signature Class Round 1 Pick 2 #57,"Kevin Durant — 2025-26 Topps Signature Class
Round 1 Pick 2 #57
Raw — ships in penny sleeve + top loader.
From the MayseQards basketball collection · mayseqards.com",1,Buy it Now,3.87,Sports singles (3oz),TRUE,Not Hazmat,Raw - Near Mint or Better,,C047,https://mayseqards.com/photos/C047.jpg,https://mayseqards.com/photos/C047_back.jpg,,,,,,
Sports Cards,Basketball Singles,Kawhi Leonard 2025-26 Topps NBA Hoops Net 2 Net #NTN-19,"Kawhi Leonard — 2025-26 Topps NBA Hoops
Net 2 Net #NTN-19
Raw — ships in penny sleeve + top loader.
From the MayseQards basketball collection · mayseqards.com",1,Buy it Now,2.07,Sports singles (3oz),TRUE,Not Hazmat,Raw - Near Mint or Better,,C048,https://mayseqards.com/photos/C048.jpg,https://mayseqards.com/photos/C048_back.jpg,,,,,,
Sports Cards,Basketball Singles,Tyrese Haliburton 2025-26 Bowman Chrome Chrome #BCV-77,"Tyrese Haliburton — 2025-26 Bowman Chrome
Chrome #BCV-77
Raw — ships in penny sleeve + top loader.
From the MayseQards basketball collection · mayseqards.com",1,Buy it Now,2.52,Sports singles (3oz),TRUE,Not Hazmat,Raw - Near Mint or Better,,C049,https://mayseqards.com/photos/C049.jpg,https://mayseqards.com/photos/C049_back.jpg,,,,,,
Sports Cards,Basketball Singles,Jeremiah Fears 2025-26 Topps Signature Class Unfazed #FAZE-17,"Jeremiah Fears — 2025-26 Topps Signature Class
Unfazed #FAZE-17
Raw — ships in penny sleeve + top loader.
From the MayseQards basketball collection · mayseqards.com",1,Buy it Now,1.64,Sports singles (3oz),TRUE,Not Hazmat,Raw - Near Mint or Better,,C050,https://mayseqards.com/photos/C050.jpg,https://mayseqards.com/photos/C050_back.jpg,,,,,,
Sports Cards,Basketball Singles,VJ Edgecombe 2025-26 Topps NBA Hoops Holo Foil RC #244,"VJ Edgecombe — 2025-26 Topps NBA Hoops
Holo Foil RC #244
Raw — ships in penny sleeve + top loader.
From the MayseQards basketball collection · mayseqards.com",1,Buy it Now,8.1,Sports singles (3oz),TRUE,Not Hazmat,Raw - Near Mint or Better,,C051,https://mayseqards.com/photos/C051.jpg,https://mayseqards.com/photos/C051_back.jpg,,,,,,
Sports Cards,Basketball Singles,Khaman Maluach 2025-26 Donruss Zero Gravity #16,"Khaman Maluach — 2025-26 Donruss
Zero Gravity #16
Raw — ships in penny sleeve + top loader.
From the MayseQards basketball collection · mayseqards.com",1,Buy it Now,5.04,Sports singles (3oz),TRUE,Not Hazmat,Raw - Near Mint or Better,,C052,https://mayseqards.com/photos/C052.jpg,https://mayseqards.com/photos/C052_back.jpg,,,,,,
Sports Cards,Basketball Singles,Ace Bailey 2025-26 Bowman Chrome Greatness Loading #GL-5,"Ace Bailey — 2025-26 Bowman Chrome
Greatness Loading #GL-5
Raw — ships in penny sleeve + top loader.
From the MayseQards basketball collection · mayseqards.com",1,Buy it Now,8.1,Sports singles (3oz),TRUE,Not Hazmat,Raw - Near Mint or Better,,C053,https://mayseqards.com/photos/C053.jpg,https://mayseqards.com/photos/C053_back.jpg,,,,,,
Sports Cards,Basketball Singles,VJ Edgecombe 2025-26 Bowman Chrome Rockstar Rookies #RR-3,"VJ Edgecombe — 2025-26 Bowman Chrome
Rockstar Rookies #RR-3
Raw — ships in penny sleeve + top loader.
From the MayseQards basketball collection · mayseqards.com",1,Buy it Now,5.36,Sports singles (3oz),TRUE,Not Hazmat,Raw - Near Mint or Better,,C054,https://mayseqards.com/photos/C054.jpg,https://mayseqards.com/photos/C054_back.jpg,,,,,,
Sports Cards,Basketball Singles,Cedric Coward 2025-26 Bowman Chrome ROY Favorites #RY-11,"Cedric Coward — 2025-26 Bowman Chrome
ROY Favorites #RY-11
Raw — ships in penny sleeve + top loader.
From the MayseQards basketball collection · mayseqards.com",1,Buy it Now,1.38,Sports singles (3oz),TRUE,Not Hazmat,Raw - Near Mint or Better,,C055,https://mayseqards.com/photos/C055.jpg,https://mayseqards.com/photos/C055_back.jpg,,,,,,
Sports Cards,Basketball Singles,Nikola Jokic 2024-25 Panini Revolution Base #76,"Nikola Jokic — 2024-25 Panini Revolution
Base #76
Raw — ships in penny sleeve + top loader.
From the MayseQards basketball collection · mayseqards.com",1,Buy it Now,1.66,Sports singles (3oz),TRUE,Not Hazmat,Raw - Near Mint or Better,,C056,https://mayseqards.com/photos/C056.jpg,https://mayseqards.com/photos/C056_back.jpg,,,,,,
Sports Cards,Basketball Singles,Anthony Edwards 2025-26 Bowman Chrome Hobby Stars Refractor #HS-14,"Anthony Edwards — 2025-26 Bowman Chrome
Hobby Stars Refractor #HS-14
Raw — ships in penny sleeve + top loader.
From the MayseQards basketball collection · mayseqards.com",1,Buy it Now,3.3,Sports singles (3oz),TRUE,Not Hazmat,Raw - Near Mint or Better,,C057,https://mayseqards.com/photos/C057.jpg,https://mayseqards.com/photos/C057_back.jpg,,,,,,
Sports Cards,Basketball Singles,Anthony Edwards 2025-26 Bowman Chrome Hobby Stars #HS-14,"Anthony Edwards — 2025-26 Bowman Chrome
Hobby Stars #HS-14
Raw — ships in penny sleeve + top loader.
From the MayseQards basketball collection · mayseqards.com",1,Buy it Now,3.6,Sports singles (3oz),TRUE,Not Hazmat,Raw - Near Mint or Better,,C058,https://mayseqards.com/photos/C058.jpg,https://mayseqards.com/photos/C058_back.jpg,,,,,,
Sports Cards,Basketball Singles,Ryan Kalkbrenner 2025-26 Donruss Significant Signatures Auto RC #SS-RYK,"Ryan Kalkbrenner — 2025-26 Donruss
Significant Signatures Auto RC #SS-RYK
Raw — ships in penny sleeve + top loader.
From the MayseQards basketball collection · mayseqards.com",1,Buy it Now,22.95,Sports singles (3oz),TRUE,Not Hazmat,Raw - Near Mint or Better,,C060,https://mayseqards.com/photos/C060.jpg,https://mayseqards.com/photos/C060_back.jpg,,,,,,
Sports Cards,Basketball Singles,Stephon Castle 2025-26 Bowman Chrome Chrome RC #BCV-145,"Stephon Castle — 2025-26 Bowman Chrome
Chrome RC #BCV-145
Raw — ships in penny sleeve + top loader.
From the MayseQards basketball collection · mayseqards.com",1,Buy it Now,3.24,Sports singles (3oz),TRUE,Not Hazmat,Raw - Near Mint or Better,,C062,https://mayseqards.com/photos/C062.jpg,https://mayseqards.com/photos/C062_back.jpg,,,,,,
Sports Cards,Basketball Singles,Jordan Clarkson 2025-26 Topps Signature Class Round 2 Pick 46 #100,"Jordan Clarkson — 2025-26 Topps Signature Class
Round 2 Pick 46 #100
Raw — ships in penny sleeve + top loader.
From the MayseQards basketball collection · mayseqards.com",1,Buy it Now,1.1,Sports singles (3oz),TRUE,Not Hazmat,Raw - Near Mint or Better,,C064,https://mayseqards.com/photos/C064.jpg,https://mayseqards.com/photos/C064_back.jpg,,,,,,
Sports Cards,Basketball Singles,Herbert Jones 2025-26 Topps Signature Class Round 2 Pick 35 #38,"Herbert Jones — 2025-26 Topps Signature Class
Round 2 Pick 35 #38
Raw — ships in penny sleeve + top loader.
From the MayseQards basketball collection · mayseqards.com",1,Buy it Now,1.38,Sports singles (3oz),TRUE,Not Hazmat,Raw - Near Mint or Better,,C065,https://mayseqards.com/photos/C065.jpg,https://mayseqards.com/photos/C065_back.jpg,,,,,,
Sports Cards,Basketball Singles,Anfernee Simons 2025-26 Topps Signature Class Round 2 Pick 24 #70,"Anfernee Simons — 2025-26 Topps Signature Class
Round 2 Pick 24 #70
Raw — ships in penny sleeve + top loader.
From the MayseQards basketball collection · mayseqards.com",1,Buy it Now,3.99,Sports singles (3oz),TRUE,Not Hazmat,Raw - Near Mint or Better,,C066,https://mayseqards.com/photos/C066.jpg,https://mayseqards.com/photos/C066_back.jpg,,,,,,
Sports Cards,Basketball Singles,Micah Peavy 2025-26 Topps Signature Class Round 2 Pick 40 #134,"Micah Peavy — 2025-26 Topps Signature Class
Round 2 Pick 40 #134
Raw — ships in penny sleeve + top loader.
From the MayseQards basketball collection · mayseqards.com",1,Buy it Now,1.65,Sports singles (3oz),TRUE,Not Hazmat,Raw - Near Mint or Better,,C067,https://mayseqards.com/photos/C067.jpg,https://mayseqards.com/photos/C067_back.jpg,,,,,,
Sports Cards,Basketball Singles,Josh Giddey 2025-26 Topps Signature Class Round 1 Pick 6 #45,"Josh Giddey — 2025-26 Topps Signature Class
Round 1 Pick 6 #45
Raw — ships in penny sleeve + top loader.
From the MayseQards basketball collection · mayseqards.com",1,Buy it Now,1.65,Sports singles (3oz),TRUE,Not Hazmat,Raw - Near Mint or Better,,C068,https://mayseqards.com/photos/C068.jpg,https://mayseqards.com/photos/C068_back.jpg,,,,,,
Sports Cards,Basketball Singles,Derik Queen 2025-26 Topps Signature Class High Frequency #HF-13,"Derik Queen — 2025-26 Topps Signature Class
High Frequency #HF-13
Raw — ships in penny sleeve + top loader.
From the MayseQards basketball collection · mayseqards.com",1,Buy it Now,6.3,Sports singles (3oz),TRUE,Not Hazmat,Raw - Near Mint or Better,,C069,https://mayseqards.com/photos/C069.jpg,https://mayseqards.com/photos/C069_back.jpg,,,,,,
Sports Cards,Basketball Singles,Walter Clayton Jr. 2025-26 Bowman Chrome Chrome RC #BCV-18,"Walter Clayton Jr. — 2025-26 Bowman Chrome
Chrome RC #BCV-18
Raw — ships in penny sleeve + top loader.
From the MayseQards basketball collection · mayseqards.com",1,Buy it Now,3.6,Sports singles (3oz),TRUE,Not Hazmat,Raw - Near Mint or Better,,C070,https://mayseqards.com/photos/C070.jpg,https://mayseqards.com/photos/C070_back.jpg,,,,,,
Sports Cards,Basketball Singles,Thomas Sorber 2025-26 Bowman Chrome Greatness Loading #GL-15,"Thomas Sorber — 2025-26 Bowman Chrome
Greatness Loading #GL-15
Raw — ships in penny sleeve + top loader.
From the MayseQards basketball collection · mayseqards.com",1,Buy it Now,2.52,Sports singles (3oz),TRUE,Not Hazmat,Raw - Near Mint or Better,,C071,https://mayseqards.com/photos/C071.jpg,https://mayseqards.com/photos/C071_back.jpg,,,,,,
Sports Cards,Basketball Singles,Joan Beringer 2025-26 Bowman Chrome Rockstar Rookies #RR-17,"Joan Beringer — 2025-26 Bowman Chrome
Rockstar Rookies #RR-17
Raw — ships in penny sleeve + top loader.
From the MayseQards basketball collection · mayseqards.com",1,Buy it Now,1.1,Sports singles (3oz),TRUE,Not Hazmat,Raw - Near Mint or Better,,C072,https://mayseqards.com/photos/C072.jpg,https://mayseqards.com/photos/C072_back.jpg,,,,,,
Sports Cards,Basketball Singles,Jeremiah Fears 2025-26 Donruss Zero Gravity #8,"Jeremiah Fears — 2025-26 Donruss
Zero Gravity #8
Raw — ships in penny sleeve + top loader.
From the MayseQards basketball collection · mayseqards.com",1,Buy it Now,4.43,Sports singles (3oz),TRUE,Not Hazmat,Raw - Near Mint or Better,,C074,https://mayseqards.com/photos/C074.jpg,https://mayseqards.com/photos/C074_back.jpg,,,,,,
Sports Cards,Basketball Singles,Jaden McDaniels 2025-26 Topps Chrome Purple Refractor 03/75 #176,"Jaden McDaniels — 2025-26 Topps Chrome
Purple Refractor 03/75 #176
Raw — ships in penny sleeve + top loader.
From the MayseQards basketball collection · mayseqards.com",1,Buy it Now,53.87,Sports singles (3oz),TRUE,Not Hazmat,Raw - Near Mint or Better,,C077,https://mayseqards.com/photos/C077.jpg,https://mayseqards.com/photos/C077_back.jpg,,,,,,
Sports Cards,Basketball Singles,VJ Edgecombe 2025-26 Topps Chrome x Cactus Jack Jacked Up #JU-2,"VJ Edgecombe — 2025-26 Topps Chrome x Cactus Jack
Jacked Up #JU-2
Raw — ships in penny sleeve + top loader.
From the MayseQards basketball collection · mayseqards.com",1,Buy it Now,6.05,Sports singles (3oz),TRUE,Not Hazmat,Raw - Near Mint or Better,,C079,https://mayseqards.com/photos/C079.jpg,https://mayseqards.com/photos/C079_back.jpg,,,,,,
Sports Cards,Basketball Singles,VJ Edgecombe 2025-26 Topps Chrome x Cactus Jack RC #63,"VJ Edgecombe — 2025-26 Topps Chrome x Cactus Jack
RC #63
Raw — ships in penny sleeve + top loader.
From the MayseQards basketball collection · mayseqards.com",1,Buy it Now,5.5,Sports singles (3oz),TRUE,Not Hazmat,Raw - Near Mint or Better,,C080,https://mayseqards.com/photos/C080.jpg,https://mayseqards.com/photos/C080_back.jpg,,,,,,
Sports Cards,Basketball Singles,Jase Richardson 2025-26 Topps Chrome x Cactus Jack Refractor 151/175 RC #85,"Jase Richardson — 2025-26 Topps Chrome x Cactus Jack
Refractor 151/175 RC #85
Raw — ships in penny sleeve + top loader.
From the MayseQards basketball collection · mayseqards.com",1,Buy it Now,4.99,Sports singles (3oz),TRUE,Not Hazmat,Raw - Near Mint or Better,,C086,https://mayseqards.com/photos/C086.jpg,https://mayseqards.com/photos/C086_back.jpg,,,,,,
Sports Cards,Basketball Singles,Chaz Lanier 2025-26 Topps Chrome x Cactus Jack Gold Refractor 34/50 RC #98,"Chaz Lanier — 2025-26 Topps Chrome x Cactus Jack
Gold Refractor 34/50 RC #98
Raw — ships in penny sleeve + top loader.
From the MayseQards basketball collection · mayseqards.com",1,Buy it Now,13.5,Sports singles (3oz),TRUE,Not Hazmat,Raw - Near Mint or Better,,C087,https://mayseqards.com/photos/C087.jpg,https://mayseqards.com/photos/C087_back.jpg,,,,,,
Sports Cards,Basketball Singles,Derik Queen 2025-26 Topps Chrome x Cactus Jack RC #73,"Derik Queen — 2025-26 Topps Chrome x Cactus Jack
RC #73
Raw — ships in penny sleeve + top loader.
From the MayseQards basketball collection · mayseqards.com",1,Buy it Now,8.1,Sports singles (3oz),TRUE,Not Hazmat,Raw - Near Mint or Better,,C089,https://mayseqards.com/photos/C089.jpg,https://mayseqards.com/photos/C089_back.jpg,,,,,,
Sports Cards,Basketball Singles,Cedric Coward 2025-26 Topps Chrome x Cactus Jack RC #71,"Cedric Coward — 2025-26 Topps Chrome x Cactus Jack
RC #71
Raw — ships in penny sleeve + top loader.
From the MayseQards basketball collection · mayseqards.com",1,Buy it Now,4.16,Sports singles (3oz),TRUE,Not Hazmat,Raw - Near Mint or Better,,C090,https://mayseqards.com/photos/C090.jpg,https://mayseqards.com/photos/C090_back.jpg,,,,,,
Sports Cards,Basketball Singles,Karl-Anthony Towns 2025-26 Topps Chrome x Cactus Jack Base #5,"Karl-Anthony Towns — 2025-26 Topps Chrome x Cactus Jack
Base #5
Raw — ships in penny sleeve + top loader.
From the MayseQards basketball collection · mayseqards.com",1,Buy it Now,4.95,Sports singles (3oz),TRUE,Not Hazmat,Raw - Near Mint or Better,,C092,https://mayseqards.com/photos/C092.jpg,https://mayseqards.com/photos/C092_back.jpg,,,,,,
Sports Cards,Basketball Singles,Ja Morant 2025-26 Topps Chrome x Cactus Jack Utopia Highlights #UH-15,"Ja Morant — 2025-26 Topps Chrome x Cactus Jack
Utopia Highlights #UH-15
Raw — ships in penny sleeve + top loader.
From the MayseQards basketball collection · mayseqards.com",1,Buy it Now,1.38,Sports singles (3oz),TRUE,Not Hazmat,Raw - Near Mint or Better,,C093,https://mayseqards.com/photos/C093.jpg,https://mayseqards.com/photos/C093_back.jpg,,,,,,
Sports Cards,Basketball Singles,Kon Knueppel 2025-26 Topps Chrome x Cactus Jack RC #64,"Kon Knueppel — 2025-26 Topps Chrome x Cactus Jack
RC #64
Raw — ships in penny sleeve + top loader.
From the MayseQards basketball collection · mayseqards.com",1,Buy it Now,7.15,Sports singles (3oz),TRUE,Not Hazmat,Raw - Near Mint or Better,,C094,https://mayseqards.com/photos/C094.jpg,https://mayseqards.com/photos/C094_back.jpg,,,,,,
Sports Cards,Basketball Singles,Pascal Siakam 2025-26 Topps Chrome x Cactus Jack Jacked Up #JU-29,"Pascal Siakam — 2025-26 Topps Chrome x Cactus Jack
Jacked Up #JU-29
Raw — ships in penny sleeve + top loader.
From the MayseQards basketball collection · mayseqards.com",1,Buy it Now,6.55,Sports singles (3oz),TRUE,Not Hazmat,Raw - Near Mint or Better,,C095,https://mayseqards.com/photos/C095.jpg,https://mayseqards.com/photos/C095_back.jpg,,,,,,
Sports Cards,Basketball Singles,Jase Richardson 2025-26 Topps Cosmic Chrome #144 RC,"Jase Richardson — 2025-26 Topps Cosmic Chrome
#144 RC
Raw — ships in penny sleeve + top loader.
From the MayseQards basketball collection · mayseqards.com",1,Buy it Now,1.89,Sports singles (3oz),TRUE,Not Hazmat,Raw - Near Mint or Better,,C096,https://mayseqards.com/photos/C096.jpg,https://mayseqards.com/photos/C096_back.jpg,,,,,,
Sports Cards,Basketball Singles,Giannis Antetokounmpo 2025-26 Topps Chrome x Cactus Jack Teal Speckle 242/299 #1,"Giannis Antetokounmpo — 2025-26 Topps Chrome x Cactus Jack
Teal Speckle 242/299 #17
Raw — ships in penny sleeve + top loader.
From the MayseQards basketball collection · mayseqards.com",1,Buy it Now,8.8,Sports singles (3oz),TRUE,Not Hazmat,Raw - Near Mint or Better,,C099,https://mayseqards.com/photos/C099.jpg,https://mayseqards.com/photos/C099_back.jpg,,,,,,
Sports Cards,Basketball Singles,Donovan Mitchell 2025-26 Topps Chrome Sleek Finishers Red Refractor 2/5 #SF-7 PS,"Donovan Mitchell — 2025-26 Topps Chrome
Sleek Finishers Red Refractor 2/5 #SF-7
Graded PSA 10 (cert on slab)
From the MayseQards basketball collection · mayseqards.com",1,Buy it Now,345,Sports singles (3oz),TRUE,Not Hazmat,Graded,,C103,https://mayseqards.com/photos/C103.jpg,https://mayseqards.com/photos/C103_back.jpg,,,,,,
Sports Cards,Football Singles,Barry Sanders 2004 Topps HOF On-Card Autograph (Plaque Photo Print),"Barry Sanders — 2004 Topps HOF
On-Card Autograph (Plaque Photo Print)
Raw — ships in penny sleeve + top loader.
From the MayseQards basketball collection · mayseqards.com",1,Buy it Now,249.99,Sports singles (3oz),TRUE,Not Hazmat,Raw - Near Mint or Better,,C104,https://mayseqards.com/photos/C104.jpg,https://mayseqards.com/photos/C104_back.jpg,,,,,,
Sports Cards,Basketball Singles,VJ Edgecombe 2025-26 Topps Chrome x Cactus Jack Jacked Up #JU-2 RC,"VJ Edgecombe — 2025-26 Topps Chrome x Cactus Jack
Jacked Up #JU-2 RC
Raw — ships in penny sleeve + top loader.
From the MayseQards basketball collection · mayseqards.com",1,Buy it Now,1.38,Sports singles (3oz),TRUE,Not Hazmat,Raw - Near Mint or Better,,C107,https://mayseqards.com/photos/C107.jpg,https://mayseqards.com/photos/C107_back.jpg,,,,,,
Sports Cards,Basketball Singles,Cooper Flagg 2025-26 Bowman RC #1,"Cooper Flagg — 2025-26 Bowman
RC #1
Raw — ships in penny sleeve + top loader.
From the MayseQards basketball collection · mayseqards.com",1,Buy it Now,6.59,Sports singles (3oz),TRUE,Not Hazmat,Raw - Near Mint or Better,,C108,https://mayseqards.com/photos/C108.jpg,https://mayseqards.com/photos/C108_back.jpg,,,,,,
Sports Cards,Basketball Singles,Cedric Coward 2025-26 Bowman Rookie of the Year Favorites #RY-11 RC,"Cedric Coward — 2025-26 Bowman
Rookie of the Year Favorites #RY-11 RC
Raw — ships in penny sleeve + top loader.
From the MayseQards basketball collection · mayseqards.com",1,Buy it Now,9.18,Sports singles (3oz),TRUE,Not Hazmat,Raw - Near Mint or Better,,C109,https://mayseqards.com/photos/C109.jpg,https://mayseqards.com/photos/C109_back.jpg,,,,,,
Sports Cards,Basketball Singles,Kawhi Leonard 2025-26 Topps NBA Hoops Net 2 Net Insert,"Kawhi Leonard — 2025-26 Topps NBA Hoops
Net 2 Net Insert
Raw — ships in penny sleeve + top loader.
From the MayseQards basketball collection · mayseqards.com",1,Buy it Now,8.1,Sports singles (3oz),TRUE,Not Hazmat,Raw - Near Mint or Better,,C111,https://mayseqards.com/photos/C111.jpg,https://mayseqards.com/photos/C111_back.jpg,,,,,,
Sports Cards,Basketball Singles,Darius Garland 2019-20 Panini Prizm Ruby Wave #288 RC PSA 10,"Darius Garland — 2019-20 Panini Prizm
Ruby Wave #288 RC
Graded PSA 10 (cert 56466172)
From the MayseQards basketball collection · mayseqards.com",1,Buy it Now,17.5,Sports singles (3oz),TRUE,Not Hazmat,Graded,,C115,https://mayseqards.com/photos/C115.jpg,,,,,,,
Sports Cards,Basketball Singles,Donovan Mitchell 2017-18 Panini Hoops RC #263 PSA 10,"Donovan Mitchell — 2017-18 Panini Hoops
RC #263
Graded PSA 10 (cert 54823149)
From the MayseQards basketball collection · mayseqards.com",1,Buy it Now,24.5,Sports singles (3oz),TRUE,Not Hazmat,Graded,,C116,https://mayseqards.com/photos/C116.jpg,,,,,,,
Sports Cards,Basketball Singles,De'Aaron Fox 2021-22 Panini Prizm Prizmatic Black Prizm 1/1 #24 PSA 9,"De'Aaron Fox — 2021-22 Panini Prizm
Prizmatic Black Prizm 1/1 #24
Graded PSA 9 (cert 87602649)
From the MayseQards basketball collection · mayseqards.com",1,Buy it Now,349,Sports singles (3oz),TRUE,Not Hazmat,Graded,,C117,https://mayseqards.com/photos/C117.jpg,https://mayseqards.com/photos/C117_back.jpg,,,,,,
Sports Cards,Basketball Singles,Jalen Brunson 2026 Topps NOW New York Knicks NBA Champions #C1,"Jalen Brunson — 2026 Topps NOW New York Knicks NBA Champions
#C1
Raw — ships in penny sleeve + top loader.
From the MayseQards basketball collection · mayseqards.com",1,Buy it Now,5.94,Sports singles (3oz),TRUE,Not Hazmat,Raw - Near Mint or Better,,C119,https://mayseqards.com/photos/C119.jpg,https://mayseqards.com/photos/C119_back.jpg,,,,,,
Sports Cards,Basketball Singles,Jase Richardson 2025-26 Topps Inception RC #98,"Jase Richardson — 2025-26 Topps Inception
RC #98
Raw — ships in penny sleeve + top loader.
From the MayseQards basketball collection · mayseqards.com",1,Buy it Now,13.2,Sports singles (3oz),TRUE,Not Hazmat,Raw - Near Mint or Better,,C122,https://mayseqards.com/photos/C122.jpg,https://mayseqards.com/photos/C122_back.jpg,,,,,,
Sports Cards,Basketball Singles,Jaden Ivey 2025-26 Topps Inception Gold Electricity 21/50 #59,"Jaden Ivey — 2025-26 Topps Inception
Gold Electricity 21/50 #59
Raw — ships in penny sleeve + top loader.
From the MayseQards basketball collection · mayseqards.com",1,Buy it Now,5,Sports singles (3oz),TRUE,Not Hazmat,Raw - Near Mint or Better,,C123,https://mayseqards.com/photos/C123.jpg,https://mayseqards.com/photos/C123_back.jpg,,,,,,
Sports Cards,Basketball Singles,Joan Beringer 2025-26 Bowman Chrome Chrome RC #BCV-17,"Joan Beringer — 2025-26 Bowman Chrome
Chrome RC #BCV-17
Raw — ships in penny sleeve + top loader.
From the MayseQards basketball collection · mayseqards.com",1,Buy it Now,2.19,Sports singles (3oz),TRUE,Not Hazmat,Raw - Near Mint or Better,,C124,https://mayseqards.com/photos/C124.jpg,https://mayseqards.com/photos/C124_back.jpg,,,,,,
Sports Cards,Basketball Singles,Nolan Traore 2025-26 Bowman Chrome Chrome RC #BCV-19,"Nolan Traore — 2025-26 Bowman Chrome
Chrome RC #BCV-19
Raw — ships in penny sleeve + top loader.
From the MayseQards basketball collection · mayseqards.com",1,Buy it Now,2.19,Sports singles (3oz),TRUE,Not Hazmat,Raw - Near Mint or Better,,C125,https://mayseqards.com/photos/C125.jpg,https://mayseqards.com/photos/C125_back.jpg,,,,,,
Sports Cards,Basketball Singles,Kasparas Jakucionis 2025-26 Bowman Chrome Chrome RC #BCV-20,"Kasparas Jakucionis — 2025-26 Bowman Chrome
Chrome RC #BCV-20
Raw — ships in penny sleeve + top loader.
From the MayseQards basketball collection · mayseqards.com",1,Buy it Now,2.19,Sports singles (3oz),TRUE,Not Hazmat,Raw - Near Mint or Better,,C126,https://mayseqards.com/photos/C126.jpg,https://mayseqards.com/photos/C126_back.jpg,,,,,,
Sports Cards,Basketball Singles,Danny Wolf 2025-26 Bowman Chrome Chrome RC #BCV-27,"Danny Wolf — 2025-26 Bowman Chrome
Chrome RC #BCV-27
Raw — ships in penny sleeve + top loader.
From the MayseQards basketball collection · mayseqards.com",1,Buy it Now,2.19,Sports singles (3oz),TRUE,Not Hazmat,Raw - Near Mint or Better,,C127,https://mayseqards.com/photos/C127.jpg,https://mayseqards.com/photos/C127_back.jpg,,,,,,
Sports Cards,Basketball Singles,Rasheer Fleming 2025-26 Bowman Chrome Chrome RC #BCV-31,"Rasheer Fleming — 2025-26 Bowman Chrome
Chrome RC #BCV-31
Raw — ships in penny sleeve + top loader.
From the MayseQards basketball collection · mayseqards.com",1,Buy it Now,2.19,Sports singles (3oz),TRUE,Not Hazmat,Raw - Near Mint or Better,,C128,https://mayseqards.com/photos/C128.jpg,https://mayseqards.com/photos/C128_back.jpg,,,,,,
Sports Cards,Basketball Singles,Mikal Bridges 2025-26 Bowman Chrome Chrome #BCV-152,"Mikal Bridges — 2025-26 Bowman Chrome
Chrome #BCV-152
Raw — ships in penny sleeve + top loader.
From the MayseQards basketball collection · mayseqards.com",1,Buy it Now,2.19,Sports singles (3oz),TRUE,Not Hazmat,Raw - Near Mint or Better,,C129,https://mayseqards.com/photos/C129.jpg,https://mayseqards.com/photos/C129_back.jpg,,,,,,
Sports Cards,Basketball Singles,Julius Randle 2025-26 Bowman Chrome Chrome #BCV-183,"Julius Randle — 2025-26 Bowman Chrome
Chrome #BCV-183
Raw — ships in penny sleeve + top loader.
From the MayseQards basketball collection · mayseqards.com",1,Buy it Now,2.19,Sports singles (3oz),TRUE,Not Hazmat,Raw - Near Mint or Better,,C130,https://mayseqards.com/photos/C130.jpg,https://mayseqards.com/photos/C130_back.jpg,,,,,,
Sports Cards,Basketball Singles,Nikola Jokic 2025-26 Bowman Chrome Chrome #BCV-100,"Nikola Jokic — 2025-26 Bowman Chrome
Chrome #BCV-100
Raw — ships in penny sleeve + top loader.
From the MayseQards basketball collection · mayseqards.com",1,Buy it Now,2.48,Sports singles (3oz),TRUE,Not Hazmat,Raw - Near Mint or Better,,C131,https://mayseqards.com/photos/C131.jpg,https://mayseqards.com/photos/C131_back.jpg,,,,,,
Sports Cards,Basketball Singles,Victor Wembanyama 2025-26 Bowman Base #143,"Victor Wembanyama — 2025-26 Bowman
Base #143
Raw — ships in penny sleeve + top loader.
From the MayseQards basketball collection · mayseqards.com",1,Buy it Now,2.19,Sports singles (3oz),TRUE,Not Hazmat,Raw - Near Mint or Better,,C132,https://mayseqards.com/photos/C132.jpg,https://mayseqards.com/photos/C132_back.jpg,,,,,,
Sports Cards,Basketball Singles,Devin Booker 2025-26 Topps Chrome x Cactus Jack Base #48,"Devin Booker — 2025-26 Topps Chrome x Cactus Jack
Base #48
Raw — ships in penny sleeve + top loader.
From the MayseQards basketball collection · mayseqards.com",1,Buy it Now,3.3,Sports singles (3oz),TRUE,Not Hazmat,Raw - Near Mint or Better,,C133,https://mayseqards.com/photos/C133.jpg,https://mayseqards.com/photos/C133_back.jpg,,,,,,
Sports Cards,Basketball Singles,LeBron James 2025-26 Topps Chrome x Cactus Jack Base #46,"LeBron James — 2025-26 Topps Chrome x Cactus Jack
Base #46
Raw — ships in penny sleeve + top loader.
From the MayseQards basketball collection · mayseqards.com",1,Buy it Now,4.19,Sports singles (3oz),TRUE,Not Hazmat,Raw - Near Mint or Better,,C134,https://mayseqards.com/photos/C134.jpg,https://mayseqards.com/photos/C134_back.jpg,,,,,,
Sports Cards,Basketball Singles,Nikola Jokic 2025-26 Topps Chrome x Cactus Jack Utopia Highlights #UH-7,"Nikola Jokic — 2025-26 Topps Chrome x Cactus Jack
Utopia Highlights #UH-7
Raw — ships in penny sleeve + top loader.
From the MayseQards basketball collection · mayseqards.com",1,Buy it Now,5.49,Sports singles (3oz),TRUE,Not Hazmat,Raw - Near Mint or Better,,C135,https://mayseqards.com/photos/C135.jpg,https://mayseqards.com/photos/C135_back.jpg,,,,,,
Sports Cards,Basketball Singles,Rui Hachimura 2025-26 Topps NBA Hoops Holo Parallel UNCONFIRMED #1,"Rui Hachimura — 2025-26 Topps NBA Hoops
Holo Parallel UNCONFIRMED #1
Raw — ships in penny sleeve + top loader.
From the MayseQards basketball collection · mayseqards.com",1,Buy it Now,2.2,Sports singles (3oz),TRUE,Not Hazmat,Raw - Near Mint or Better,,C136,https://mayseqards.com/photos/C136.jpg,https://mayseqards.com/photos/C136_back.jpg,,,,,,
Sports Cards,Basketball Singles,David Robinson 1989-90 NBA Hoops RC #138,"David Robinson — 1989-90 NBA Hoops
RC #138
Raw — ships in penny sleeve + top loader.
From the MayseQards basketball collection · mayseqards.com",1,Buy it Now,3.49,Sports singles (3oz),TRUE,Not Hazmat,Raw - Near Mint or Better,,C137,https://mayseqards.com/photos/C137.jpg,https://mayseqards.com/photos/C137_back.jpg,,,,,,
Sports Cards,Basketball Singles,Chris Webber 2006-07 Topps Full Court Photographers Proof 1926/1999 #58,"Chris Webber — 2006-07 Topps Full Court
Photographers Proof 1926/1999 #58
Raw — ships in penny sleeve + top loader.
From the MayseQards basketball collection · mayseqards.com",1,Buy it Now,3.58,Sports singles (3oz),TRUE,Not Hazmat,Raw - Near Mint or Better,,C138,https://mayseqards.com/photos/C138.jpg,https://mayseqards.com/photos/C138_back.jpg,,,,,,
Sports Cards,Basketball Singles,Rudy Gay 2006-07 Topps Chrome RC #184,"Rudy Gay — 2006-07 Topps Chrome
RC #184
Raw — ships in penny sleeve + top loader.
From the MayseQards basketball collection · mayseqards.com",1,Buy it Now,2.48,Sports singles (3oz),TRUE,Not Hazmat,Raw - Near Mint or Better,,C140,https://mayseqards.com/photos/C140.jpg,https://mayseqards.com/photos/C140_back.jpg,,,,,,
Sports Cards,Basketball Singles,Carmelo Anthony 2007-08 Fleer Ultra Scoring Kings #SK-1,"Carmelo Anthony — 2007-08 Fleer Ultra
Scoring Kings #SK-1
Raw — ships in penny sleeve + top loader.
From the MayseQards basketball collection · mayseqards.com",1,Buy it Now,3.58,Sports singles (3oz),TRUE,Not Hazmat,Raw - Near Mint or Better,,C141,https://mayseqards.com/photos/C141.jpg,https://mayseqards.com/photos/C141_back.jpg,,,,,,
Sports Cards,Basketball Singles,Michael Jordan 2008-09 Upper Deck Michael Jordan Legacy #650,"Michael Jordan — 2008-09 Upper Deck Michael Jordan Legacy
#650
Raw — ships in penny sleeve + top loader.
From the MayseQards basketball collection · mayseqards.com",1,Buy it Now,5.5,Sports singles (3oz),TRUE,Not Hazmat,Raw - Near Mint or Better,,C143,https://mayseqards.com/photos/C143.jpg,https://mayseqards.com/photos/C143_back.jpg,,,,,,
Sports Cards,Basketball Singles,Jrue Holiday 2009-10 Topps RC #330,"Jrue Holiday — 2009-10 Topps
RC #330
Raw — ships in penny sleeve + top loader.
From the MayseQards basketball collection · mayseqards.com",1,Buy it Now,4.68,Sports singles (3oz),TRUE,Not Hazmat,Raw - Near Mint or Better,,C144,https://mayseqards.com/photos/C144.jpg,https://mayseqards.com/photos/C144_back.jpg,,,,,,
Sports Cards,Basketball Singles,Darryn Peterson / AJ Dybantsa 2026 Topps NOW First Picks of 2026 NBA Draft RC #D,"Darryn Peterson / AJ Dybantsa — 2026 Topps NOW
First Picks of 2026 NBA Draft RC #DPAJ
Raw — ships in penny sleeve + top loader.
From the MayseQards basketball collection · mayseqards.com",1,Buy it Now,10.99,Sports singles (3oz),TRUE,Not Hazmat,Raw - Near Mint or Better,,C145,https://mayseqards.com/photos/C145.jpg,https://mayseqards.com/photos/C145_back.jpg,,,,,,
Sports Cards,Basketball Singles,Jalen Brunson 2026 Topps NOW Celebrates 2026 NBA Championship #OS01,"Jalen Brunson — 2026 Topps NOW
Celebrates 2026 NBA Championship #OS01
Raw — ships in penny sleeve + top loader.
From the MayseQards basketball collection · mayseqards.com",1,Buy it Now,9.49,Sports singles (3oz),TRUE,Not Hazmat,Raw - Near Mint or Better,,C146,https://mayseqards.com/photos/C146.jpg,https://mayseqards.com/photos/C146_back.jpg,,,,,,
Sports Cards,Basketball Singles,AJ Dybantsa 2026 Topps NOW Wizards 1st Overall 2026 Draft Selection RC #ADYB,"AJ Dybantsa — 2026 Topps NOW
Wizards 1st Overall 2026 Draft Selection RC #ADYB
Raw — ships in penny sleeve + top loader.
From the MayseQards basketball collection · mayseqards.com",1,Buy it Now,6.49,Sports singles (3oz),TRUE,Not Hazmat,Raw - Near Mint or Better,,C147,https://mayseqards.com/photos/C147.jpg,https://mayseqards.com/photos/C147_back.jpg,,,,,,
Sports Cards,Basketball Singles,Domantas Sabonis 2025-26 Topps Chrome Update Power Players #PP-6,"Domantas Sabonis — 2025-26 Topps Chrome Update
Power Players #PP-6
Raw — ships in penny sleeve + top loader.
From the MayseQards basketball collection · mayseqards.com",1,Buy it Now,4.4,Sports singles (3oz),TRUE,Not Hazmat,Raw - Near Mint or Better,,C148,https://mayseqards.com/photos/C148.jpg,https://mayseqards.com/photos/C148_back.jpg,,,,,,
Sports Cards,Basketball Singles,Austin Reaves 2025-26 Topps Chrome Update Base #54,"Austin Reaves — 2025-26 Topps Chrome Update
Base #54
Raw — ships in penny sleeve + top loader.
From the MayseQards basketball collection · mayseqards.com",1,Buy it Now,4.4,Sports singles (3oz),TRUE,Not Hazmat,Raw - Near Mint or Better,,C149,https://mayseqards.com/photos/C149.jpg,https://mayseqards.com/photos/C149_back.jpg,,,,,,
Sports Cards,Basketball Singles,Dwyane Wade 2025-26 Topps Chrome Update Clutch Gene #CG-21,"Dwyane Wade — 2025-26 Topps Chrome Update
Clutch Gene #CG-21
Raw — ships in penny sleeve + top loader.
From the MayseQards basketball collection · mayseqards.com",1,Buy it Now,4.4,Sports singles (3oz),TRUE,Not Hazmat,Raw - Near Mint or Better,,C150,https://mayseqards.com/photos/C150.jpg,https://mayseqards.com/photos/C150_back.jpg,,,,,,
Sports Cards,Basketball Singles,Dylan Harper 2025-26 Topps Chrome Update Base RC #152,"Dylan Harper — 2025-26 Topps Chrome Update
Base RC #152
Raw — ships in penny sleeve + top loader.
From the MayseQards basketball collection · mayseqards.com",1,Buy it Now,4.4,Sports singles (3oz),TRUE,Not Hazmat,Raw - Near Mint or Better,,C151,https://mayseqards.com/photos/C151.jpg,https://mayseqards.com/photos/C151_back.jpg,,,,,,
Sports Cards,Basketball Singles,Derik Queen 2025-26 Topps Chrome Update Clutch City RC #YQ-14,"Derik Queen — 2025-26 Topps Chrome Update
Clutch City RC #YQ-14
Raw — ships in penny sleeve + top loader.
From the MayseQards basketball collection · mayseqards.com",1,Buy it Now,4.4,Sports singles (3oz),TRUE,Not Hazmat,Raw - Near Mint or Better,,C152,https://mayseqards.com/photos/C152.jpg,https://mayseqards.com/photos/C152_back.jpg,,,,,,
Sports Cards,Basketball Singles,Cade Cunningham 2025-26 Topps Chrome Update X-Fractor #6,"Cade Cunningham — 2025-26 Topps Chrome Update
X-Fractor #6
Raw — ships in penny sleeve + top loader.
From the MayseQards basketball collection · mayseqards.com",1,Buy it Now,4.99,Sports singles (3oz),TRUE,Not Hazmat,Raw - Near Mint or Better,,C153,https://mayseqards.com/photos/C153.jpg,https://mayseqards.com/photos/C153_back.jpg,,,,,,
Sports Cards,Basketball Singles,Shaedon Sharpe 2025-26 Topps Chrome Update X-Fractor #106,"Shaedon Sharpe — 2025-26 Topps Chrome Update
X-Fractor #106
Raw — ships in penny sleeve + top loader.
From the MayseQards basketball collection · mayseqards.com",1,Buy it Now,8,Sports singles (3oz),TRUE,Not Hazmat,Raw - Near Mint or Better,,C154,https://mayseqards.com/photos/C154.jpg,https://mayseqards.com/photos/C154_back.jpg,,,,,,
Sports Cards,Basketball Singles,Allen Iverson 2025-26 Topps Chrome Update Base #145,"Allen Iverson — 2025-26 Topps Chrome Update
Base #145
Raw — ships in penny sleeve + top loader.
From the MayseQards basketball collection · mayseqards.com",1,Buy it Now,4.4,Sports singles (3oz),TRUE,Not Hazmat,Raw - Near Mint or Better,,C155,https://mayseqards.com/photos/C155.jpg,https://mayseqards.com/photos/C155_back.jpg,,,,,,
Sports Cards,Basketball Singles,RJ Barrett 2025-26 Topps Chrome Update Base #73,"RJ Barrett — 2025-26 Topps Chrome Update
Base #73
Raw — ships in penny sleeve + top loader.
From the MayseQards basketball collection · mayseqards.com",1,Buy it Now,4.4,Sports singles (3oz),TRUE,Not Hazmat,Raw - Near Mint or Better,,C156,https://mayseqards.com/photos/C156.jpg,https://mayseqards.com/photos/C156_back.jpg,,,,,,
Sports Cards,Basketball Singles,Dylan Harper 2025-26 Topps Chrome Update Base RC #152,"Dylan Harper — 2025-26 Topps Chrome Update
Base RC #152
Raw — ships in penny sleeve + top loader.
From the MayseQards basketball collection · mayseqards.com",1,Buy it Now,4.4,Sports singles (3oz),TRUE,Not Hazmat,Raw - Near Mint or Better,,C157,https://mayseqards.com/photos/C157.jpg,https://mayseqards.com/photos/C157_back.jpg,,,,,,
Sports Cards,Basketball Singles,Tyrese Maxey 2025-26 Topps Chrome Update Base #41,"Tyrese Maxey — 2025-26 Topps Chrome Update
Base #41
Raw — ships in penny sleeve + top loader.
From the MayseQards basketball collection · mayseqards.com",1,Buy it Now,4.4,Sports singles (3oz),TRUE,Not Hazmat,Raw - Near Mint or Better,,C158,https://mayseqards.com/photos/C158.jpg,https://mayseqards.com/photos/C158_back.jpg,,,,,,
Sports Cards,Basketball Singles,Hakeem Olajuwon 2025-26 Topps Chrome Update No Limit #IP-4,"Hakeem Olajuwon — 2025-26 Topps Chrome Update
No Limit #IP-4
Raw — ships in penny sleeve + top loader.
From the MayseQards basketball collection · mayseqards.com",1,Buy it Now,4.4,Sports singles (3oz),TRUE,Not Hazmat,Raw - Near Mint or Better,,C159,https://mayseqards.com/photos/C159.jpg,https://mayseqards.com/photos/C159_back.jpg,,,,,,
Sports Cards,Basketball Singles,Tyrese Haliburton 2025-26 Topps Chrome Update Activators #AC-5,"Tyrese Haliburton — 2025-26 Topps Chrome Update
Activators #AC-5
Raw — ships in penny sleeve + top loader.
From the MayseQards basketball collection · mayseqards.com",1,Buy it Now,4.4,Sports singles (3oz),TRUE,Not Hazmat,Raw - Near Mint or Better,,C160,https://mayseqards.com/photos/C160.jpg,https://mayseqards.com/photos/C160_back.jpg,,,,,,
Sports Cards,Basketball Singles,Lauri Markkanen 2025-26 Topps Chrome Update Base #53,"Lauri Markkanen — 2025-26 Topps Chrome Update
Base #53
Raw — ships in penny sleeve + top loader.
From the MayseQards basketball collection · mayseqards.com",1,Buy it Now,4.4,Sports singles (3oz),TRUE,Not Hazmat,Raw - Near Mint or Better,,C161,https://mayseqards.com/photos/C161.jpg,https://mayseqards.com/photos/C161_back.jpg,,,,,,
Sports Cards,Basketball Singles,Devin Booker 2025-26 Topps Chrome Update Stratospheric Stars #ST-11,"Devin Booker — 2025-26 Topps Chrome Update
Stratospheric Stars #ST-11
Raw — ships in penny sleeve + top loader.
From the MayseQards basketball collection · mayseqards.com",1,Buy it Now,4.4,Sports singles (3oz),TRUE,Not Hazmat,Raw - Near Mint or Better,,C162,https://mayseqards.com/photos/C162.jpg,https://mayseqards.com/photos/C162_back.jpg,,,,,,
Sports Cards,Basketball Singles,Karl-Anthony Towns 2025-26 Topps Chrome Update Base #21,"Karl-Anthony Towns — 2025-26 Topps Chrome Update
Base #21
Raw — ships in penny sleeve + top loader.
From the MayseQards basketball collection · mayseqards.com",1,Buy it Now,4.4,Sports singles (3oz),TRUE,Not Hazmat,Raw - Near Mint or Better,,C163,https://mayseqards.com/photos/C163.jpg,https://mayseqards.com/photos/C163_back.jpg,,,,,,
Sports Cards,Basketball Singles,Shai Gilgeous-Alexander 2025-26 Topps Chrome Update No Limit Refractor #IP-8,"Shai Gilgeous-Alexander — 2025-26 Topps Chrome Update
No Limit Refractor #IP-8
Raw — ships in penny sleeve + top loader.
From the MayseQards basketball collection · mayseqards.com",1,Buy it Now,15.4,Sports singles (3oz),TRUE,Not Hazmat,Raw - Near Mint or Better,,C164,https://mayseqards.com/photos/C164.jpg,https://mayseqards.com/photos/C164_back.jpg,,,,,,
Sports Cards,Basketball Singles,VJ Edgecombe 2025-26 Topps Chrome Update Base RC #153,"VJ Edgecombe — 2025-26 Topps Chrome Update
Base RC #153
Raw — ships in penny sleeve + top loader.
From the MayseQards basketball collection · mayseqards.com",1,Buy it Now,4.4,Sports singles (3oz),TRUE,Not Hazmat,Raw - Near Mint or Better,,C165,https://mayseqards.com/photos/C165.jpg,https://mayseqards.com/photos/C165_back.jpg,,,,,,
Sports Cards,Basketball Singles,Cedric Coward 2025-26 Topps Chrome Update Base RC #161,"Cedric Coward — 2025-26 Topps Chrome Update
Base RC #161
Raw — ships in penny sleeve + top loader.
From the MayseQards basketball collection · mayseqards.com",1,Buy it Now,4.4,Sports singles (3oz),TRUE,Not Hazmat,Raw - Near Mint or Better,,C166,https://mayseqards.com/photos/C166.jpg,https://mayseqards.com/photos/C166_back.jpg,,,,,,
Sports Cards,Basketball Singles,Paolo Banchero 2025-26 Topps Chrome Update Stratospheric Stars #ST-19,"Paolo Banchero — 2025-26 Topps Chrome Update
Stratospheric Stars #ST-19
Raw — ships in penny sleeve + top loader.
From the MayseQards basketball collection · mayseqards.com",1,Buy it Now,5.6,Sports singles (3oz),TRUE,Not Hazmat,Raw - Near Mint or Better,,C167,https://mayseqards.com/photos/C167.jpg,https://mayseqards.com/photos/C167_back.jpg,,,,,,
Sports Cards,Basketball Singles,Jase Richardson 2025-26 Topps Chrome Update X-Fractor RC #175,"Jase Richardson — 2025-26 Topps Chrome Update
X-Fractor RC #175
Raw — ships in penny sleeve + top loader.
From the MayseQards basketball collection · mayseqards.com",1,Buy it Now,19.8,Sports singles (3oz),TRUE,Not Hazmat,Raw - Near Mint or Better,,C168,https://mayseqards.com/photos/C168.jpg,https://mayseqards.com/photos/C168_back.jpg,,,,,,
Sports Cards,Basketball Singles,Payton Pritchard 2025-26 Topps Chrome Update X-Fractor #121,"Payton Pritchard — 2025-26 Topps Chrome Update
X-Fractor #121
Raw — ships in penny sleeve + top loader.
From the MayseQards basketball collection · mayseqards.com",1,Buy it Now,5.6,Sports singles (3oz),TRUE,Not Hazmat,Raw - Near Mint or Better,,C169,https://mayseqards.com/photos/C169.jpg,https://mayseqards.com/photos/C169_back.jpg,,,,,,
Sports Cards,Basketball Singles,Rick Barry 2025-26 Topps Chrome Update Clutch Gene #CG-29,"Rick Barry — 2025-26 Topps Chrome Update
Clutch Gene #CG-29
Raw — ships in penny sleeve + top loader.
From the MayseQards basketball collection · mayseqards.com",1,Buy it Now,4.99,Sports singles (3oz),TRUE,Not Hazmat,Raw - Near Mint or Better,,C171,https://mayseqards.com/photos/C171.jpg,https://mayseqards.com/photos/C171_back.jpg,,,,,,
Sports Cards,Basketball Singles,Jalen Johnson 2025-26 Topps Chrome Update X-Fractor #49,"Jalen Johnson — 2025-26 Topps Chrome Update
X-Fractor #49
Raw — ships in penny sleeve + top loader.
From the MayseQards basketball collection · mayseqards.com",1,Buy it Now,8,Sports singles (3oz),TRUE,Not Hazmat,Raw - Near Mint or Better,,C172,https://mayseqards.com/photos/C172.jpg,https://mayseqards.com/photos/C172_back.jpg,,,,,,
Sports Cards,Basketball Singles,Chris Paul 2025-26 Topps Chrome Update Fortune 15 Refractor #F15-6,"Chris Paul — 2025-26 Topps Chrome Update
Fortune 15 Refractor #F15-6
Raw — ships in penny sleeve + top loader.
From the MayseQards basketball collection · mayseqards.com",1,Buy it Now,4.4,Sports singles (3oz),TRUE,Not Hazmat,Raw - Near Mint or Better,,C173,https://mayseqards.com/photos/C173.jpg,https://mayseqards.com/photos/C173_back.jpg,,,,,,
Sports Cards,Basketball Singles,Stephon Castle 2025-26 Topps Chrome Update Wave Refractor #82,"Stephon Castle — 2025-26 Topps Chrome Update
Wave Refractor #82
Raw — ships in penny sleeve + top loader.
From the MayseQards basketball collection · mayseqards.com",1,Buy it Now,4.4,Sports singles (3oz),TRUE,Not Hazmat,Raw - Near Mint or Better,,C175,https://mayseqards.com/photos/C175.jpg,https://mayseqards.com/photos/C175_back.jpg,,,,,,
Sports Cards,Basketball Singles,Bam Adebayo 2025-26 Topps Chrome Update X-Fractor #35,"Bam Adebayo — 2025-26 Topps Chrome Update
X-Fractor #35
Raw — ships in penny sleeve + top loader.
From the MayseQards basketball collection · mayseqards.com",1,Buy it Now,5.6,Sports singles (3oz),TRUE,Not Hazmat,Raw - Near Mint or Better,,C176,https://mayseqards.com/photos/C176.jpg,https://mayseqards.com/photos/C176_back.jpg,,,,,,
Sports Cards,Basketball Singles,Giannis Antetokounmpo 2025-26 Topps Chrome Update Power Players #PP-1,"Giannis Antetokounmpo — 2025-26 Topps Chrome Update
Power Players #PP-1
Raw — ships in penny sleeve + top loader.
From the MayseQards basketball collection · mayseqards.com",1,Buy it Now,3.49,Sports singles (3oz),TRUE,Not Hazmat,Raw - Near Mint or Better,,C177,https://mayseqards.com/photos/C177.jpg,https://mayseqards.com/photos/C177_back.jpg,,,,,,
Sports Cards,Basketball Singles,RJ Barrett 2025-26 Topps Chrome Update Aqua Refractor #73 /199,"RJ Barrett — 2025-26 Topps Chrome Update
Aqua Refractor #73 /199
Raw — ships in penny sleeve + top loader.
From the MayseQards basketball collection · mayseqards.com",1,Buy it Now,4.4,Sports singles (3oz),TRUE,Not Hazmat,Raw - Near Mint or Better,,C178,https://mayseqards.com/photos/C178.jpg,https://mayseqards.com/photos/C178_back.jpg,,,,,,
Sports Cards,Basketball Singles,Rob Dillingham 2025-26 Topps Chrome Update X-Fractor #105,"Rob Dillingham — 2025-26 Topps Chrome Update
X-Fractor #105
Raw — ships in penny sleeve + top loader.
From the MayseQards basketball collection · mayseqards.com",1,Buy it Now,8,Sports singles (3oz),TRUE,Not Hazmat,Raw - Near Mint or Better,,C179,https://mayseqards.com/photos/C179.jpg,https://mayseqards.com/photos/C179_back.jpg,,,,,,
Sports Cards,Basketball Singles,LaMelo Ball 2025-26 Topps Chrome Update Base #50,"LaMelo Ball — 2025-26 Topps Chrome Update
Base #50
Raw — ships in penny sleeve + top loader.
From the MayseQards basketball collection · mayseqards.com",1,Buy it Now,4.99,Sports singles (3oz),TRUE,Not Hazmat,Raw - Near Mint or Better,,C180,https://mayseqards.com/photos/C180.jpg,https://mayseqards.com/photos/C180_back.jpg,,,,,,
Sports Cards,Basketball Singles,Dillon Brooks 2025-26 Topps Chrome Update X-Fractor #117,"Dillon Brooks — 2025-26 Topps Chrome Update
X-Fractor #117
Raw — ships in penny sleeve + top loader.
From the MayseQards basketball collection · mayseqards.com",1,Buy it Now,8,Sports singles (3oz),TRUE,Not Hazmat,Raw - Near Mint or Better,,C181,https://mayseqards.com/photos/C181.jpg,https://mayseqards.com/photos/C181_back.jpg,,,,,,
Sports Cards,Basketball Singles,Donovan Mitchell 2025-26 Topps Chrome Update X-Fractor #19,"Donovan Mitchell — 2025-26 Topps Chrome Update
X-Fractor #19
Raw — ships in penny sleeve + top loader.
From the MayseQards basketball collection · mayseqards.com",1,Buy it Now,17.6,Sports singles (3oz),TRUE,Not Hazmat,Raw - Near Mint or Better,,C182,https://mayseqards.com/photos/C182.jpg,https://mayseqards.com/photos/C182_back.jpg,,,,,,
Sports Cards,Basketball Singles,Bill Russell 2025-26 Topps Chrome Update Base #141,"Bill Russell — 2025-26 Topps Chrome Update
Base #141
Raw — ships in penny sleeve + top loader.
From the MayseQards basketball collection · mayseqards.com",1,Buy it Now,4.4,Sports singles (3oz),TRUE,Not Hazmat,Raw - Near Mint or Better,,C183,https://mayseqards.com/photos/C183.jpg,https://mayseqards.com/photos/C183_back.jpg,,,,,,
Sports Cards,Basketball Singles,Karl-Anthony Towns 2025-26 Topps Chrome Update X-Fractor #21,"Karl-Anthony Towns — 2025-26 Topps Chrome Update
X-Fractor #21
Raw — ships in penny sleeve + top loader.
From the MayseQards basketball collection · mayseqards.com",1,Buy it Now,16.5,Sports singles (3oz),TRUE,Not Hazmat,Raw - Near Mint or Better,,C184,https://mayseqards.com/photos/C184.jpg,https://mayseqards.com/photos/C184_back.jpg,,,,,,
Sports Cards,Basketball Singles,Carter Bryant 2025-26 Topps Chrome Update Wave Refractor RC #164,"Carter Bryant — 2025-26 Topps Chrome Update
Wave Refractor RC #164
Raw — ships in penny sleeve + top loader.
From the MayseQards basketball collection · mayseqards.com",1,Buy it Now,11.99,Sports singles (3oz),TRUE,Not Hazmat,Raw - Near Mint or Better,,C185,https://mayseqards.com/photos/C185.jpg,https://mayseqards.com/photos/C185_back.jpg,,,,,,
Sports Cards,Basketball Singles,Jeremiah Fears 2025-26 Topps Chrome Update X-Fractor RC #157,"Jeremiah Fears — 2025-26 Topps Chrome Update
X-Fractor RC #157
Raw — ships in penny sleeve + top loader.
From the MayseQards basketball collection · mayseqards.com",1,Buy it Now,15.4,Sports singles (3oz),TRUE,Not Hazmat,Raw - Near Mint or Better,,C186,https://mayseqards.com/photos/C186.jpg,https://mayseqards.com/photos/C186_back.jpg,,,,,,
Sports Cards,Basketball Singles,Shaquille O'Neal 2025-26 Topps Chrome Update Wave Refractor #142,"Shaquille O'Neal — 2025-26 Topps Chrome Update
Wave Refractor #142
Raw — ships in penny sleeve + top loader.
From the MayseQards basketball collection · mayseqards.com",1,Buy it Now,4.4,Sports singles (3oz),TRUE,Not Hazmat,Raw - Near Mint or Better,,C187,https://mayseqards.com/photos/C187.jpg,https://mayseqards.com/photos/C187_back.jpg,,,,,,
Sports Cards,Basketball Singles,Ace Bailey 2025-26 Topps Chrome Update Base RC #155,"Ace Bailey — 2025-26 Topps Chrome Update
Base RC #155
Raw — ships in penny sleeve + top loader.
From the MayseQards basketball collection · mayseqards.com",1,Buy it Now,4.4,Sports singles (3oz),TRUE,Not Hazmat,Raw - Near Mint or Better,,C188,https://mayseqards.com/photos/C188.jpg,https://mayseqards.com/photos/C188_back.jpg,,,,,,
Sports Cards,Basketball Singles,OG Anunoby 2025-26 Topps Chrome Update Base #43,"OG Anunoby — 2025-26 Topps Chrome Update
Base #43
Raw — ships in penny sleeve + top loader.
From the MayseQards basketball collection · mayseqards.com",1,Buy it Now,4.4,Sports singles (3oz),TRUE,Not Hazmat,Raw - Near Mint or Better,,C189,https://mayseqards.com/photos/C189.jpg,https://mayseqards.com/photos/C189_back.jpg,,,,,,
Sports Cards,Basketball Singles,Maxime Raynaud 2025-26 Topps Chrome Update Base RC #193,"Maxime Raynaud — 2025-26 Topps Chrome Update
Base RC #193
Raw — ships in penny sleeve + top loader.
From the MayseQards basketball collection · mayseqards.com",1,Buy it Now,4.4,Sports singles (3oz),TRUE,Not Hazmat,Raw - Near Mint or Better,,C190,https://mayseqards.com/photos/C190.jpg,https://mayseqards.com/photos/C190_back.jpg,,,,,,
Sports Cards,Basketball Singles,Khaman Maluach 2025-26 Topps Chrome Update Base RC #160,"Khaman Maluach — 2025-26 Topps Chrome Update
Base RC #160
Raw — ships in penny sleeve + top loader.
From the MayseQards basketball collection · mayseqards.com",1,Buy it Now,4.4,Sports singles (3oz),TRUE,Not Hazmat,Raw - Near Mint or Better,,C191,https://mayseqards.com/photos/C191.jpg,https://mayseqards.com/photos/C191_back.jpg,,,,,,
Sports Cards,Basketball Singles,Stephon Castle 2025-26 Topps Chrome Update Refractor #82,"Stephon Castle — 2025-26 Topps Chrome Update
Refractor #82
Raw — ships in penny sleeve + top loader.
From the MayseQards basketball collection · mayseqards.com",1,Buy it Now,4.4,Sports singles (3oz),TRUE,Not Hazmat,Raw - Near Mint or Better,,C193,https://mayseqards.com/photos/C193.jpg,https://mayseqards.com/photos/C193_back.jpg,,,,,,
Sports Cards,Basketball Singles,Jaren Jackson Jr. 2025-26 Topps Chrome Update Base #28,"Jaren Jackson Jr. — 2025-26 Topps Chrome Update
Base #28
Raw — ships in penny sleeve + top loader.
From the MayseQards basketball collection · mayseqards.com",1,Buy it Now,4.4,Sports singles (3oz),TRUE,Not Hazmat,Raw - Near Mint or Better,,C194,https://mayseqards.com/photos/C194.jpg,https://mayseqards.com/photos/C194_back.jpg,,,,,,
Sports Cards,Basketball Singles,Tyrese Haliburton 2025-26 Topps Chrome Update Base #18,"Tyrese Haliburton — 2025-26 Topps Chrome Update
Base #18
Raw — ships in penny sleeve + top loader.
From the MayseQards basketball collection · mayseqards.com",1,Buy it Now,4.4,Sports singles (3oz),TRUE,Not Hazmat,Raw - Near Mint or Better,,C195,https://mayseqards.com/photos/C195.jpg,https://mayseqards.com/photos/C195_back.jpg,,,,,,
Sports Cards,Basketball Singles,Kevin Garnett 2025-26 Topps Chrome Update Clutch Gene #CG-27,"Kevin Garnett — 2025-26 Topps Chrome Update
Clutch Gene #CG-27
Raw — ships in penny sleeve + top loader.
From the MayseQards basketball collection · mayseqards.com",1,Buy it Now,4.4,Sports singles (3oz),TRUE,Not Hazmat,Raw - Near Mint or Better,,C196,https://mayseqards.com/photos/C196.jpg,https://mayseqards.com/photos/C196_back.jpg,,,,,,
Sports Cards,Basketball Singles,Evan Mobley 2025-26 Topps Chrome Update Power Players Refractor #PP-10,"Evan Mobley — 2025-26 Topps Chrome Update
Power Players Refractor #PP-10
Raw — ships in penny sleeve + top loader.
From the MayseQards basketball collection · mayseqards.com",1,Buy it Now,5.6,Sports singles (3oz),TRUE,Not Hazmat,Raw - Near Mint or Better,,C197,https://mayseqards.com/photos/C197.jpg,https://mayseqards.com/photos/C197_back.jpg,,,,,,
Sports Cards,Basketball Singles,Kyrie Irving 2025-26 Topps Chrome Update Wave Refractor #3,"Kyrie Irving — 2025-26 Topps Chrome Update
Wave Refractor #3
Raw — ships in penny sleeve + top loader.
From the MayseQards basketball collection · mayseqards.com",1,Buy it Now,4.99,Sports singles (3oz),TRUE,Not Hazmat,Raw - Near Mint or Better,,C198,https://mayseqards.com/photos/C198.jpg,https://mayseqards.com/photos/C198_back.jpg,,,,,,
Sports Cards,Basketball Singles,Victor Wembanyama 2025-26 Topps Chrome Update Base #22,"Victor Wembanyama — 2025-26 Topps Chrome Update
Base #22
Raw — ships in penny sleeve + top loader.
From the MayseQards basketball collection · mayseqards.com",1,Buy it Now,4.4,Sports singles (3oz),TRUE,Not Hazmat,Raw - Near Mint or Better,,C199,https://mayseqards.com/photos/C199.jpg,https://mayseqards.com/photos/C199_back.jpg,,,,,,
Sports Cards,Basketball Singles,Bam Adebayo 2025-26 Topps Chrome Update Base #35,"Bam Adebayo — 2025-26 Topps Chrome Update
Base #35
Raw — ships in penny sleeve + top loader.
From the MayseQards basketball collection · mayseqards.com",1,Buy it Now,4.4,Sports singles (3oz),TRUE,Not Hazmat,Raw - Near Mint or Better,,C200,https://mayseqards.com/photos/C200.jpg,https://mayseqards.com/photos/C200_back.jpg,,,,,,
